Fecha,Técnico,Condición,Situación,Resultado1,Resultado2,Club,Torneo,Estadio,Árbitro,Huracán,Rival,Foto,Incidencias,Fin1T,Fin2T
08/12/1952,Baldonedo,visitante,empate,2,2,Ind. Santa Fe (Colombia),Amistoso,El Campín (Bogotá),Fernández (Colombia),"Jacinto Díaz; Rodríguez y Juan Romeral; Néstor Naya, José Nazionale (Juan Romo) y Enrique Cerioni; Giosa, Oscar Rossi (Valeriano López), Héctor López, Eduardo Ricagni y Manuel Pelegrina.","Chamorro (Espriella); Kersul y Pellegrino; Reyes, Bernasconi y Fain; Arango, Deibe, Pairoux, Antón (Ortega) y Villalba.",foto,15 GOL Manuel Pelegrina (HUR)</br>19 GOL Pairoux (ISF)</br>47 GOL Pairoux (ISF)</br>66 GOL Eduardo Ricagni (HUR),45,90
14/12/1952,Baldonedo,visitante,derrota,0,4,Millonarios (Colombia),Amistoso,El Campín (Bogotá),Gregorio (Colombia),"Jacinto Díaz; Juan Romeral y Rodríguez; Néstor Naya, Juan Romo (José Nazionale) y Enrique Cerioni; Giosa (Oscar Rossi), Carlos Lazón, Héctor López (Valeriano López), Eduardo Ricagni y Manuel Pelegrina.","Julio Cozzi; Ramírez y Zuloaga; Stemberg (Pini), Néstor Rossi y Adolfo Benegas; Castillo, Báez, Alfredo Di Stéfano, Villaverde (Fernández) y Aguilera.",foto,36 GOL Alfredo Di Stéfano (MIL)</br>38 GOL Castillo (MIL)</br>56 GOL Alfredo Di Stéfano (MIL)</br>72 GOL Báez (MIL),45,90
21/12/1952,Baldonedo,visitante,victoria,3,2,Dep. Quindío (Colombia),Amistoso,Municipal (Armenia),Fernández (Colombia),"Gabriel Ogando; Juan Romeral y Juan Filgueiras; José Nazionale, Juan Romo y Enrique Cerioni; Antonio Giosa, Oscar Rossi, Valeriano López, Eduardo Ricagni y Manuel Pelegrina.","Tissera; Cuello y Lombardo; Carugno, González y Sánchez; Gutiérrez, Cazaubón, Alarcón, Garelli y Urruty.",foto,26 GOL Eduardo Ricagni (HUR) -penal-</br>30 Gutiérrez (DQU)</br>32 Valeriano López (HUR)</br>40 Cazaubón (DQU)</br>80 GOL Eduardo Ricagni (HUR),45,90
28/12/1952,Baldonedo,visitante,empate,2,2,Dep. Cali (Colombia),Amistoso,Pascual Guerrero (Cali),Turrío,"Gabriel Ogando; Juan Romeral y Juan Filgueiras; Néstor Naya (Rodríguez), Juan Romo (José Nazionale) y Enrique Cerioni; Giosa (Carlos Lazón), Héctor López (Oscar Rossi), Ricardo Infante (Valeriano López), Eduardo Ricargni y Manuel Pelegrina.","Fasciolo; Castro y Caicedo; Viáfara, Sastre y Lecca; Pérez, Coll, R. Cerioni, Cervino y Castro.",foto,4 GOL R Cerioni (CAL)</br>15 Héctor López (HUR)</br>43 Cervino (CAL)</br>72 Eduardo Ricagni (HUR),45,90
02/01/1953,Baldonedo,visitante,empate,2,2,Boca Juniors (Colombia),Amistoso,Pascual Guerrero (Cali),-,-,-,foto,GOL Valeriano López (HUR)</br>GOL Valeriano López (HUR)</br>GOL Amaya (BJC),45,90
15/01/1956,Pedernera,visitante,victoria,3,1,Nacional (Colombia),Gira por América (amistoso),Atanasio Girardot (Medellín),-,-,-,foto,-,45,90
22/01/1956,Pedernera,visitante,victoria,2,0,Ind. Medellín (Colombia),Gira por América (amistoso),Atanasio Girardot (Medellín),-,-,-,foto,-,45,90
29/01/1956,Pedernera,neutral,derrota,3,4,Millonarios (Colombia),Cuadrangular Internacional (amistoso),Londoño (Colombia),-,-,-,foto,-,45,90
14/02/1956,Pedernera,visitante,empate,0,0,Ind. Medellín (Colombia),Gira por América (amistoso),Atanasio Girardot (Medellín),-,"Edgardo Madinabeytia; Sherl y Zuluaga; Urquijo, Rodríguez y Ardanaz; Félix Respuela, Rossi, Adolfo Pedernera, Ricardo Infante y Onzari","Sánchez; Lauro y Caicedo; Pacheco, Calonga y Retamoso; Larraz, Seghini, Pizarro, Arango y Moreno.",foto,<b>1° Tiempo: Ind. Medellín 0x0 Huracán</b>,45,90
15/02/1956,Pedernera,neutral,empate,1,1,Nacional (Colombia),Amistoso,Coloso (Ibagué),-,-,-,foto,00 GOL Lanza (NAC) y GOL Oscar Rossi (HUR),45,90
17/01/1958,Sbarra,visitante,victoria,2,0,Dep. Quindío (Colombia),Gira por América (amistoso),Londoño (Manizales),-,-,-,foto,43 GOL Romero (HUR)</br>63 GOL Bruno (HUR),45,90
26/01/1958,Sbarra,visitante,victoria,4,1,Ind. Medellín (Colombia),Gira por América (amistoso),Atanasio Girardot (Medellín),-,-,-,foto,sin detalles,45,90
31/01/1958,Sbarra,visitante,derrota,1,2,Nacional (Colombia),Gira por América (amistoso),Atanasio Girardot (Medellín),-,-,-,foto,sin detalles,45,90
02/02/1958,Sbarra,visitante,victoria,3,2,Ind. Santa Fe (Colombia),Gira por América (amistoso),El Campín (Bogotá),-,-,-,foto,-,45,90
09/02/1958,Sbarra,neutral,victoria,5,0,Liga de Cundinamarca,Gira por América (amistoso),Pascual Guerrero (Cali),-,-,-,foto,-,45,90
13/02/1958,Sbarra,visitante,victoria,5,0,Sel. de Colombia,Gira por América (amistoso),Pascual Guerrero (Cali),-,x,x,foto,-,45,90
16/02/1958,Sbarra,visitante,victoria,2,0,Liga de Valle del Cauca,Gira por América (Amistoso),Pascual Guerrero (Colombia),-,-,-,foto,-,45,90
07/01/1960,Rossi,visitante,victoria,4,0,Dep. Cali (Colombia),1° fecha Cervecería Sultana (Amistoso),Pascual Guerrero (Cali),Ovidio Orrego,"Walter Taibo; Carlos Arredondo, Victorio Civrán (Ángel Julio), Villano y Miguel Vidal (Sánchez); Osvaldo Crosta y Néstor Rossi; Alberto Rendo, Oscar Rossi, Juan C Soria (Suárez) y Figueroa (Juan L Cañete).","Sierra; Suárez (Martínez), Castro, Muzo y Tejada; Cervino y Castronovo (Rojas); Panesso, Vergara, López y Arredondo.",23 GOL Alberto Rendo (HUR)</br>70 GOL Suárez (HUR)</br>74 GOL Oscar Rossi (HUR)</br>83 GOL Oscar Rossi (HUR),45,90
13/01/1960,Rossi,visitante,empate,1,1,América (Colombia),3° fecha Cervecería Sultana (Amistoso),Pascual Guerrero (Cali),Ovidio Orrego,"Walter Taibo; Carlos Arredondo, Ángel Julio, Villano y Miguel Vidal; Osvaldo Crosta y Néstor Rossi (46 Brunetti); Alberto Rendo (50 Molina), Oscar Rossi (46 Suárez), Juan C Soria (50 Juan L Cañete) y Figueroa.","Montaño; Sánchez, Mousegne, Abadía y Perdomo; Vairo y Ruiz; Lenis, Cejas, Florido y Fresquet.","Goles: 53 Lenis, 73 Molina.",45,90
17/01/1960,Rossi,visitante,victoria,2,1,Ind. Medellín (Colombia),1° fecha Ciudad de Medellín (Amistoso),Atanasio Girardot (Colombia),Sundheim,"Walter Taibo; Carlos Arredondo, Victorio Civrán, Villano y Miguel Vidal; Osvaldo Crosta y Néstor Rossi; Alberto Rendo, Oscar Rossi, Juan C Soria y Juan L Cañete.","Tissera; Echeverri, Caicedo, Castrobovo y Terra; González (Vulcano) y Fernández; Arango, Zazini, Campillo y Lanza.",foto,25 GOL Osvaldo Crosta (HUR)</br>75 GOL Juan C Soria (HUR)</br>89 GOL Vulcano (DIM),45,90
24/01/1960,Rossi,visitante,victoria,2,0,Nacional (Colombia),3° fecha Ciudad de Medellín (Amistoso),Atanasio Girardot (Medellín),Guillermo Velásquez (colombiano),"Walter Taibo (Sánchez); Carlos Arredondo y Ángel Julio; Miguel Vidal, Néstor Rossi y Villano; Alberto Rendo, Osvaldo Crosta, Oscar Rossi, Suárez (Cañete?) y Figueroa (Juan L Cañete).","Lopera; Calle y Escobar; Yotagri (Arrubia), Osorio y Vidal (Agudelo); Cadavid, Tapias, Álvarez (Vanegas), Maya y Arias.","Goles: 31ec Arrubia, 80 Oscar Rossi.",45,90
27/12/1960,Rossi,visitante,victoria,2,0,América (Colombia),1° fecha de Feria Mundial del Azúcar (Amistoso),Pascual Guerrero (Cali),desconocido,x,x,x,45,90
29/12/1960,Rossi,visitante,victoria,4,0,Dep. Cali (Colombia),2° fecha de Feria Mundial del Azúcar (Amistoso),Pascual Guerrero (Colombia),x,x,x,x,45,90
22/01/1961,Rossi,visitante,empate,1,1,Once Caldas (Colombia),1° fecha de Feria Manizales (Amistoso),Londoño (Manizales),Abonaga,"Bertoldi; Carlos Arredondo, Álvarez, Oscar Villano y Miguel Vidal; Osvaldo Crota y Néstor Rossi; Herrera, Juan C Soria (Sergio Cantú), Jorge Diz y Atilio Melón.","Olmos; Conrado Arango, Flematy, Oscar López y Humberto Villa (Hugo Arredondo); Sapia (Bernardo Castro) y Carlos Antonietta; Alonso Botero, Luis Digón, Roberto Mirabelli y Núñez.","18 GOL Osvaldo Crosta, 76 GOL Botero",45,90
08/01/1961,Rossi,visitante,victoria,4,1,Millonarios (Colombia),Gira por América (amistoso),El Campín (Bogotá),-,-,-,foto,7 GOL Juan C Soria (HUR)</br>9 GOL Juan C Soria (HUR)</br>17 GOL Herrera (HUR)</br>21 GOL Osvaldo Crosta (HUR)</br>60 GOL Arango (MIL),45,90
30/01/1961,Rossi,visitante,victoria,2,1,Nacional (Colombia),Amistoso,Atanasio Girardot (Medellín),Sánchez,"Rubén Germinaro; Carlos Arredondo, Biagioli, Sanez y Miguel Vidal; Osvaldo Crosta y Néstor Rossi; Alberto Rendo, Juan C Soria, Roldán (Herrera) y Atilio Melón (Jorge Diz).","Lopera; Yatagri, Ayala, Vidal (Méndez) y Sorio; Campillo y Terra; Arredondo, Valencia (Eladio), Cervino y Cadavid.","Goles: 58 Cervino, 73 Herrera, 82 Diz.",45,90
24/11/1963,Zoppi,visitante,empate,4,4,Ind. Santa Fe (Colombia),Gira por América (amistoso),El Campín (Bogotá),sin datos,"Osvaldo Ayala; Carlos Arredondo, Troche, Schneider y Miguel Vidal; Rendo (Diz) y Cubilla, Sarmiento (Canevari), Juan J. Rodríguez, Sarnari y Roberto Brookes.","Justiniano Montaña; Zuluaga, Carlos Rodríguez, Montero y Ricardo Pegnotti; Wilson Pimentel (Jaime Silva) y Zuluaga; Marín, Paulo Pesinaschi, Alberto Perazzo y González (Jorge Gómez).","Goles: 10 y 82 Paulo Pesinaschi, 37 y 89 J. Rodríguez, 52 y 55 Marín, 61 Sarnari, 90p Sarnari",45,90
27/11/1963,Zoppi,visitante,empate,1,1,América (Colombia),Gira por América (Amistoso),Pascual Guerrero (Cali),Fisher (Colombia),"Osvaldo Ayala; Troche, Carlos Arredondo, Cubilla y Miguel Vidal; Sarnari y Schneider; Alberto Rendo, Juan J. Rodríguez, Sarmiento y Roberto Brookes (Diz).","Riquelme, Araujo, González, Romero y Castillo; Coll y Bolaño; Paz. Cervino, Parodi y Laigacha.","Goles: 22 Sarnari, 82 Cervino.",45,90
01/12/1963,Zoppi,visitante,victoria,3,0,Millonarios (Colombia),Gira por América (amistoso),El Campín (Bogotá),Puppio (Colombia),"Osvaldo Ayala; Carlos Arredondo, Troche, Schneider (Hiriart) y Miguel Vidal; Alberto Rendo (43 Diz) y Cubilla; Canevari, Juan J. Rodríguez, Sarnari (Sarmiento) y Roberto Brookes.","Senen Mosquera; Zas, Finot Castaño, Oscar Jamardo Rubio y Arturo Solórzano; José Romeiro y Ricardo Díaz; Pedro Gando (Gallegos), Marino Klinger, Rubén Pizarro y Genaro Benítez.","Gol: 42 Brookes, 53 y 73 Rodríguez.",45,90
04/12/1963,Zoppi,visitante,victoria,4,1,Ind. Medellín (Colombia),Gira por América (amistoso),Atanasio Girardot (Medellín),-,-,-,"Goles: 14 y 15 Sarnari, 67 Juan J Rodríguez, 79 Brookes, 89 González.",45,90
08/12/1963,Zoppi,visitante,empate,1,1,Dep. Cali (Colombia),Gira por América (amistoso),Pascual Guerrero (Cali),Reynal,"Osvaldo Ayala; Carlos Arredondo, Jorge Ginarte, Juan C Schneider y Miguel Vidal; Sarmiento y Cubilla; Canevari, Juan J Rodríguez, Sarnari y Roberto Brookes.","Burno; Vargas, Apote, Nivaldo y Possoco; Valencia y Sánchez; Aceros, Bermúdez, Ary y Marcarián.  Entra Huarandaga.","Reynal.","Goles: 24 Sarmiento, 73 Huarandaga.",45,90
15/12/1963,Zoppi,visitante,empate,3,3,Ind. Santa Fe (Colombia),Gira por América (amistoso),El Campín (Bogotá),Puppio (Colombia),"Osvaldo Ayala; Carlos Arredondo, Jorge Ginarte, Alarcón y Miguel Vidal: Canevari y Cubilla (Hiriart); Schneider, Juan J. Rodríguez, Marchese (Osvaldo Crosta) y Roberto Brookes (Diz).","Justiniano Montaña; Rodríguez, Zuluaga (Hernando Tovar), Montero y Carlos Aponte, Ricardo Pegnotti y Hernando Tovar (Jaime Silva); Marín, Paulo Pesinaschi, Alberto Perazzo y González (Ortega).","Goles: 24 y 73 J.J. Rodríguez, 42 Marchesse, 44 y 74 Perazzo, 62 Marín.",45,90
20/12/1963,Zoppi,visitante,victoria,5,1,Sel. Juv. de Colombia,Gira por América (amistoso),Municipal (Girardot),Lires López,"Osvaldo Ayala; Cubilla, Carlos Arredondo, Canevari y Miguel Vidal; Diz y Juan C Sarnari; Castillo, Rodríguez, Sarmiento y Fernández.","Luna; Ortega, Castillo, Galiria y Herrera; Collantes y González; Toscano, Arcia, Pineros y Buitrago.",8 GOL Juan C Sarnari (HUR)</br>25 GOL Fernández (HUR)</br>38 GOL Diz (HUR)</br>75 GOL Toscano (HUR)</br>77 GOL Canaveri (HUR)</br>85 GOL Canevari (HUR),45,90
22/12/1963,Zoppi,visitante,derrota,0,1,Millonarios (Colombia),Gira por América (amistoso),El Campín (Bogotá),Reynal (Colombia),-,-,36 GOL Gamboa (MIL)</br>36 EXP Canevari (HUR)</br>36 EXP Devoto (HUR)</br>36 EXP Rodríguez (HUR)</br>36 EXP Sarmiento (HUR) -se le permitió reingresar-,45,90
27/11/1966,Acosta,visitante,victoria,1,0,Inter de Lages (Brasil),Inauguración del Vermelhao (amistoso),Vermelao (Lages),Bezerra,"Navarro; Tarchini, Jáuregui, Jorge Ginarte, y Devoto; Tito Gómez y Sebastián Viberti; Hugo Tedesco, Zárate (Nogara), Poncio y Alberto Cabaleiro.","Batista; Setembrino, Nicodemus, Dair y Leoquídio; Zezé y Carlinhos; Osvaldo (Roberto Caramuru), Ricardo, Puskas y Anacleto (Abílio).", </br><b>1° Tiempo: Inter de Lages 0x0 Huracán</b></br>80 GOL Cabaleiro (HUR),45,90
21/05/1967,Acosta,visitante,empate,1,1,América MG (Brasil),Torneo Minas Geraes (amistoso),Mineirao (Bello Horizonte),David (Brasil),"Irusta; Bordatto, Tarchini, Edgardo Cantú y Omar Fernández; Dopacio y Cabello; Sansone (Sebastián Viberti), Vera, Álvarez y Alberto Cabaleiro.","Djair; Décio Brito, Luizão, Café y Ze Horta; Samuel y Édson (Sudaco); Zé Carlos, Mosquito (Edvar), Chiquinho y Caldeira.",<b>1° Tiempo: América MG 0x0 Huracán</b></br>54 GOL Álvarez (HUR)</br>60 GOL Edvar (AME)</br>81 EXP Álvarez (HUR),45,90
25/05/1967,Acosta,visitante,derrota,0,4,América RJ (Brasil),1° fecha de Negrao de Lima,Maracaná (Río de Janeiro),Magalhães (Conf. Brasileña),"Irusta (Justo Zayas); Bordatto, Jorge Ginarte, Poncio (Edgardo Cantú) y Omar Fernández; Sebastián Viberti y Dopacio; Alberto Cabaleiro (Sansone), Álvarez (Vera), Alfredo Obberti y Medina.","Ita; Dejair (Sérgio), Alex, Aldeci y Gilson; Fará (Artur) e Ica; Joãozinho (Jorginho), Antunes, Edu y Eduardo.",45,90
07/11/1967,Pentrelli,visitante,derrota,1,4,Atlante (México),Amistoso,Azteca (México),Diego De Leo (México),"Irusta; Petriella, Tarchini, Gianni y Bordatto; Dopacio y Sebastián Viberti; Alberto Cabaleiro, Vera (68 Sanzogni), Álvarez y Medina.","Mollinedo (46 Orvañanos); Sánchez, Larrazolo, Negroe (66 Medina) y Hernández; Desachi y Alvarado (46 Malazzo); Boggio (79 Padilla), Pérez Flores, Cisneros y Manolete.",17 GOL Hernández (ATL)</br>23 GOL Cisneros (ATL)</br>38 GOL Dopacio (HUR)</br>67 GOL Boggio (ATL)</br>68 EXP Sebastián Viberti (HUR),45,90
17/09/1971,Menotti,visitante,derrota,1,2,Once Caldas (Colombia),Gira por América (Amistoso),Londoño (Manizales),Aristazábal,"Miguel Leyes; Mendoza, Daniel Buglione, Alfio Basile y Lavorato; Alberto Rendo, Siciliano y Héctor Veira; Ramírez, Leone y Luis Giribet.","Quiñones (Zapata); Gómez, Ortega, Calero y Márquez; Gamboa, Beracochea y Reza; Santamaría, Prospitti y Nicolás Lobatón.",</br>30 GOL Prospitti (ONC)</br><b>1° Tiempo: Once Caldas 1x0 Huracán</b></br>71 GOL Lobatón (ONC)</br>77 GOL Luis Giribet (HUR),45,90
27/08/1974,Menotti,visitante,-,-,-,Nacional (Colombia),Amistoso,-,-,-,foto,-,45,90
29/08/1974,Menotti,visitante,-,-,-,Millonarios (colombia),Amistoso,-,-,-,foto,-,45,90
31/01/1975,Imbelloni,visitante,derrota,0,2,Ind. Santa Fe (Colombia),Copa Bogotá (Amistoso),El Campín (Bogotá),-,-,-,25 GOL Céspedes (ISF)</br>85 GOL Montaño (ISF),45,90
03/02/1975,Imbelloni,visitante,derrota,4,3,Millonarios (Colombia),Copa Bogotá (Amistoso),El Campín (Bogotá),-,"Miguel Leyes; Jorge Paolino, Fanesi, Flores y Jorge Carrascosa; Miguel Brindisi, Carlos Leone (Rubén Ríos) y Gramajo; René Houseman (Rico), Scalise y Omar Larrosa.","Ballesteros; Güette, González, Gaviria y López; Ortega, Alcázar y Vasco (Soto); Ortiz, Maglioni y Rendón.","Goles: 15 y 37 Houseman; 21 Scalise; 42, 58 y 62 Maglioni; 76 Fanesi.",45,90
05/02/1975,Imbelloni,visitante,derrota,0,1,Millonarios (Colombia),Copa Bogotá (Amistoso),El Campín (Bogotá),-,-,-,45,90
27/02/1975,Imbelloni,visitante,derrota,2,7,Gremio (Brasil),Amistoso,Olímpico (Puerto Alegre),Barreto (Conf. Brasileña),"Agustín Cejas; Sánchez, Herrera (Víctor Longo), Jorge Paolino (Rubén Ríos) y Jorge Carrascosa; Miguel Brindisi (Jorge Sanabria), Francisco Russo y Pérez; René Houseman, Rico y Gramajo.","Picasso; Vílson (Cláudio), Ancheta, Beto y Jorge; Cacau, Neca y Yúra; Zequinha (João Carlos), Tarciso (Nené) y Loivo.",</br>18 GOL Neca (GRE)</br>19 GOL Brindisi (HUR)</br>21 GOL Yúra (GRE)</br>28 GOL Zequinha (GRE)</br>35 GOL Neca (GRE)</br><b>1° Tiempo: Gremio 4x1 Huracán</b></br>69 GOL Neca (GRE)</br>69 GOL Neca (GRE)</br>44 GOL Loivo (GRE)</br>57 GOL Tarciso (GRE)</br>64 GOL Houseman (HUR),45,90
07/05/1975,Delem,visitante,derrota,0,2,Santos FC (Brasil),Amistoso,Vila Belmiro (Santos),Boschilia,"Agustín Cejas; Nelson Chabay, Jorge Paolino (Alberto Fanesi), Alfio Basile y Jorge Carrascosa; Miguel Brindisi, Francisco Russo y Carlos Leone; Gramajo (Jorge Sanabria), Roque Avallay, José Scalise (Omar Larrosa).","Joel Mendes; Carlos Alberto (Wilson Campos), Oberdan (Marçal), Bianchi y Turcão; Teodoro, Mifflín y Brecha (Da Silva); Gilvan (Alceu), Totonho y Claudio Adão (Mazinho).",</br>22 GOL Brecha (SAN)</br><b>1° Tiempo: Santos 1x0 Huracán</b></br>73 GOL Totonho (SAN),45,90
21/08/1975,Delem,neutral,empate,1,1,Junior (Colombia),450° Aniv. Santa Marta (Amistoso),Eduardo Santos (Santa Marta),-,-,-,GOL Silva Pacheco (JUN)</br>GOL Jorge Paolino (HUR),45,90
24/08/1975,Delem,visitante,victoria,1,0,Unión Magdalena (Colombia),450° Aniv. Santa Marta (Amistoso),Eduardo Santos (Santa Marta),sin datos,"Miguel Leyes; Nelson Chabay, Paolino, Alberto Fanesi (Herrera) y Jorge Carrascosa; Carlos Leone (Sánchez), Francisco Russo y Omar Larrosa; René Houseman, José Scalise (Candedo) y Jorge Sanabria.","Ucha; Cardona, Del Risco, Mendoza y González; Montúfar, Segrera y Gutiérrez; Fallase, Morales y Carra.",67 GOL René Houseman (HUR),45,90
26/08/1975,Delem,visitante,victoria,2,1,Ind. Santa Fe (Colombia),El Campín (Bogotá),Amistoso,-,"Miguel Leyes; Nelson Chabay, Alberto Fanesi, Paolino y Jorge Carrascosa; Miguel Brindisi (Carlos Leone), Francisco Russo y René Houseman; José Scalise (Candedo), Omar Larrosa y Jorge Sanabria.","López; Rodríguez, Pacheco, Recúpero (Rangel) y Chia; Tébes, Sarnari y Cañón; Pandolfi, Pineros y Viáfara.",foto,15 GOL Cañón (ISF)</br>39 GOL Omar Larrosa (HUR)</br>81 GOL Jorge Sanabria (HUR),45,90
28/08/1975,Delem,visitante,empate,1,1,Tigres (México),Amistoso,Universitario (Monterrey),-,"Agustín Cejas; Miguel Brindisi; René Houseman.","Meza; Lola, Jiménez.",</br>22 GOL Jiménez</br>68 GOL Houseman,45,90
30/08/1975,Delem,visitante,empate,2,2,Leones Negros (México),Amistoso,Jalisco (Guadalajara),Marcel Pérez Guevara (México),"Miguel Leyes; Nelson Chabay, Jorge Paolino, (66 Rubén Ríos), Alberto Fanesi y Jorge Carrascosa, Miguel Brindisi, Carlos Leone y José Scalise; René Houseman (63 Herrera), Omar Larrosa y Jorge Sanabria (50 Víctor Longo).","Calderón; Ríos, Santoyo, Rivas (75 Olvera) y Rodríguez Jara; Andrade, Mañón y Jair; Euzebio, Martínez (50 Gutiérrez) y López.",</br>30 GOL Jair (LEO)</br>46 GOL Euzebio (LEO)</br>78 GOL Brindisi (HUR) -penal-</br>84 GOL Leone (HUR),45,90
05/09/1975,Delem,neutral,derrota,0,1,Sel. Olímp. de México,Copa de América,East College (Los Angeles),Jesús Mercado (México),"Agustín Cejas; Nelson Chabay, Paolino, Alberto Fanesi y Jorge Carrascosa; Miguel Brindisi, Roque Avallay y Omar Larrosa; René Houseman, José Scalise y Jorge Sanabria.","Gómez; Márquez, García, Viveros y Carrillo; De la Rosa, Caballero y Cosío; Tapía, Rangel y Sánchez.",</br>27 GOL Rergis,45,90
22/08/1976,Juárez,visitante,derrota,1,3,Junior (Colombia),Gira por Sudamérica (amistoso),Romelio Martínez (Barranquilla),-,"Héctor Baley (Jurkevicius); Abelardo Cheves, Aldo Espinoza, Alberto Fanesi y Jorge Carrascosa (Verón); Carlos Leone (Rubén Ríos), Candedo (Luis Cabrera) y Omar Larrosa; René Houseman (Rico), Osvaldo Ardiles y Sánchez (Jorge Sanabria).","Delménico; Araújo, Miranda, Berdugo y Amaya (González); Maldonado, Cerminatto (Cabezas) y Comesaña; Cibeyra, B. Martínez y Verón (Fiorillo).","Goles: 3 y 20 Verón, 25 B. Martínez, 51 Sanabria.",45,90
26/08/1976,Juárez,visitante,derrota,2,3,Dep. Cali (Colombia),Gira por Sudamérica (amistoso),Pascual Guerrero (Cali),O. Sánchez,"Omar Larrosa; René Houseman y Luis Cabrera.","Zape; Samboni; Álvarez; Benítez y Lorea.",</br>6 GOL Lorea (CAL)</br>50 Lorea (CAL)</br>20 René Houseman (HUR)</br>51 EXP Omar Larrosa</br>57 Benítez (CAL)</br>63 GOL Luis Cabrera (HUR)</br>87 EXP Samboni (CAL)</br>89 EXP Luis Cabrera (HUR),45,90
21/08/1983,Sosa,neutral,empate,0,0,Ind. Santa Fe (Colombia),Amistoso 1983,Romelio Martínez (Barranquilla),-,-,-,foto,45,90
24/08/1983,Sosa,visitante,empate,0,0,Unión Magdalena (Colombia),1° fecha del Trofeo Cartagena de Indias 1983,Eduardo Santos (Santa Marta),-,-,-,foto,45,90
26/08/1983,Sosa,visitante,victoria,2,1,Junior (Colombia),2° fecha del Trofeo Cartagena de Indias 1983,Romelio Martínez (Barranquilla),-,-,-,foto,16 GOL Claudio Morresi (HUR)</br>77 GOL Claudio García (HUR)</br>83 GOL Edgardo Bauza (JUN) -penal-,45,90
19/07/1986,Cappa,visitante,empate,0,0,Central Norte (Salta),1° fecha del Nacional B 1986/87,Central Norte (Salta),Jácome,"Carlos Gay; Eugenio Gentile, Sergio Govagnoli, Hugo Álves y Carlos Torino; Carrizo, Rinaldi (70 Marcelo Barticiotto), Hebert Birriel y Claudio Messina; Alfredo Torres y Víctor Delgado.","Zurita; Sánchez, Rodríguez, Robles y Tejeda; Godoy (76 Barrios), Roldán y Agüero (76 Alegre); Zingariello, Mattei y Carrazana."
26/07/1986,Cappa,local,victoria,2,0,Dep. Maipú (Mendoza),2° fecha del Nacional B 1986/87,Tomás A. Ducó,Mastrángelo,"Carlos Gay; Gentile, Sergio Govagnoli, Hugo Álves y Carlos Torino; Rinaldi (50 Papa), Hebert Birriel, Héctor Herrero (76 Claudio Mir) y Daniel Messina; Ariel Paolorrosi y Alfredo Torres.","Murcia; Lamolla, Scivoletto, Fóppoli y Barragán; Rogel (69 Olmos), Pralong y Gómez (45 Subase); Gauto, Corró y Bernio.",foto,24 GOL Hugo Alves (HUR)</br>40 GOL Alfredo Torres (HUR)</br>41 EXP Pralong (MAI)</br>46 EXP Carlos Torino (MAI)
02/08/1986,Cappa,visitante,derrota,1,2,Atl. Concepción (Tucumán),3° fecha del Nacional B 1986/87,Concepción (Tucumán),Coradina,"Carlos Gay; Hugo Álves, Eugenio Gentile, Papa (80 Papa) y Sergio Govagnoli; Rinaldi (46 Mir), Birriel, Herrero y Messina; Paolorrosi y Alfredo Torres.","Ibáñez; Medina, Villafañe, Nievas y Acuña; Fanjul, Elizeche y Jerez; Celaya (88 Ferreyra), Coria y Ruiz (75 Santos).",foto,24 GOL Rinaldi (HUR)</br>41 GOL Ruiz (CON)</br>56 GOL Elizeche (CON)</br>80 EXP Giovagnoli (HUR)</br>90 EXP Hugo Álves (HUR)
13/08/1986,Cappa,local,victoria,2,1,Colón (Santa Fe),4° fecha del Nacional B 1986/87,Tomás A. Ducó,Vigliano,"Carlos Gay; Gentile, Vidal, Alves y Papa; Messina, Rinaldi (67 Carrizo), Birriel y Herrero (62 Mir); Paolorrosi y Torres.","Carnevali; Juncos, Wermer, Belén y Schneider; Godano, Carmona y Bachino (84 Medina); Héctor López (65 J López), Parodi y Gamarra.",17 GOL Daniel Messina (HUR)</br>60 GOL Bachino (COL)</br>86 EXP Belen (COL)</br>86 EXP Eduardo Papa (HUR)</br>89 GOL Hugo Álves (HUR)
16/08/1986,Cappa,visitante,empate,1,1,Banfield,5° fecha del Nacional B 1986/87,Tomás A. Ducó,Calabria,"Carlos Gay; Hugo Álves, Eugenio Gentile, Sergio Giovagnoli y Carlos Torino; Daniel Messina, Hebert Birriel, Héctor Herrero y Alfredo Torres; Ariel Paolorrosi y Claudio Mir.","Ferrari; Marcich, Clide Díaz, Cardozo y Vázquez; Benítez, Zuttión, García y Molina; Hernández y Orte.",foto,43 GOL Robinson Hernández (BAN)</br>50 GOL Ariel Paolorrosi (HUR)
23/08/1986,Cappa,local,2,0,Ferro C. Oeste (Gral. Pico),6° fecha del Nacional B 1986/87,Ferro,González,"Carrlos Gay; Hugo Álves, Eugenio Gentile, Sergio Giovagnoli y Carlos Torino; Daniel Messina (56 Claudio Mir), Hebert Birriel, Héctor Herrero y Alfredo Torres; Ariel Paolorrosi y José Iglesias.","López; Colacray, Zárate González, Morales y Biaggio; Zimmerman, Nardoni y Molina (66 Bianco); Paolantonio (75 Benítez), Vasilchik y Fernández.",foto,60 GOL Héctor Herrero (HUR)</br>81 GOL José Iglesias (HUR)
29/08/1986,Cappa,visitante,empate,1,1,Guaraní A. Franco (Posadas),7° fecha del Campeonato Nacional B 1986/87
06/09/1986,Cappa,local,victoria,4,2,Mandiyú (Corrientes),9° fecha del Nacional B 1986/87
11/09/1986,Cappa,local,empate,2,2,Gimnasia (Jujuy),11° fecha del Nacional B 1986/87
13/09/1986,Cappa,visitante,victoria,1,0,Defensa y Justicia,10° fecha del Nacional B 1986/87
16/09/1986,Cappa,visitante,derrota,0,3,Chacarita Juniors,8° fecha del Nacional B 1986/87
27/09/1986,Cappa,visitante,victoria,9,2,Unión (San Juan),12° fecha del Nacional B 1986/87
04/10/1986,Cappa,local,victoria,4,1,Central Córdoba (Santiago),13° fecha del Nacional B 1986/87
08/10/1986,Cappa,visitante,empate,0,0,Douglas Haig (Pergamino),14° fecha del Nacional B 1986/87
11/10/1986,Cappa,local,victoria,2,0,Belgrano (Córdoba),15° fecha del Nacional B 1986/87
18/10/1986,Cappa,visitante,victoria,4,2,Los Andes,16° fecha del Nacional B 1986/87
25/10/1986,Cappa,local,victoria,2,0,Cipolletti (Confluencia),17° fecha del Nacional B 1986/87
01/11/1986,Cappa,visitante,derrota,0,2,Lanús,18° fecha del Nacional B 1986/87
05/11/1986,Cappa,local,victoria,2,0,Tigre,19° fecha del Nacional B 1986/87
09/11/1986,Cappa,visitante,victoria,2,2,Chaco For Ever,20° fecha del Nacional B 1986/87
15/11/1986,Cappa,local,empate,1,1,Armenio,21° fecha del Nacional B 1986/87
22/11/1986,Cappa,local,victoria,2,0,Central Norte (Salta),22° fecha del Nacional B 1986/87
30/11/1986,Cappa,visitante,derrota,0,3,Dep. Maipú (Mendoza),23° fecha del Nacional B 1986/87
06/12/1986,Cappa,local,victoria,3,0,Atl. Concepción (Tucumán),24° fecha del Nacional B 1986/87
10/12/1986,Cappa,visitante,derrota,1,2,Colón (Santa Fe),25° fecha del Nacional B 1986/87
13/12/1986,Cappa,local,derrota,1,2,Banfield,26° fecha del Nacional B 1986/87
21/12/1986,Cappa,visitante,empate,1,1,Ferro C. Oeste (Gral. Pico),27° fecha del Nacional B 1986/87
21/01/1987,Cappa,local,victoria,1,0,Guaraní A. Franco (Posadas),28° fecha del Nacional B 1986/87
24/01/1987,Cappa,local,empate,1,1,Chacarita Juniors,29° fecha del Nacional B 1986/87
01/02/1987,Leone,visitante,victoria, 2,1,Mandiyú (Corrientes),30° fecha del Nacional B 1986/87
07/02/1987,Leone,local,victoria,1,0,Defensa y Justicia,31° fecha del Nacional B 1986/87
15/02/1987,Leone,visitante,derrota,1,2,Gimnasia (Jujuy),32° fecha del Nacional B 1986/87
21/02/1987,Leone,local,victoria,3,2,Unión (San Juan),33° fecha del Nacional B 1986/87
28/02/1987,Leone,visitante,victoria,3,2,Central Córdoba (Santiago),34° fecha del Nacional B 1986/87
07/03/1987,Leone,local,victoria,2,0,Douglas Haig (Pergamino),35° fecha del Nacional B 1986/87
15/03/1987,Leone,visitante,derrota,2,3,Belgrano (Córdoba),36° fecha del Nacional B 1986/87
21/03/1987,Leone,local,victoria,3,0,Los Andes,37° fecha del Nacional B 1986/87
29/03/1987,Leone,visitante,empate,1,1,Cipolletti (Confluencia),38° fecha del Nacional B 1986/87
04/04/1987,Leone,local,victoria,3,0,Lanús,39° fecha del Nacional B 1986/87
14/04/1987,Leone,visitante,derrota,0,4,Tigre,40° fecha del Nacional B 1986/87
18/04/1987,Leone,local,victoria,4,1,Chaco For Ever,41° fecha del Nacional B 1986/87
02/05/1987,Tardivo,visitante,derrota,1,4,Armenio,42° fecha del Nacional B 1986/87
09/05/1987,Tardivo,victoria,1,0,Mandiyú (Corrientes),4to de final del Octogonal 1987
16/05/1987,Tardivo,victoria,1,0,Mandiyú (Corrientes),4to de final del Octogonal 1987
23/05/1987,Tardivo,derrota,0,1,Belgrano (Córdoba),Semifinal del Octogonal 1987
30/05/1987,Tardivo,derrota,1,2,Belgrano (Córdoba),Semifinal del Octogonal 1987
02/08/1987,D’Accorso,visitante,victoria,2,1,Central Córdoba (Santiago),1° fecha del Nacional B 1987/88
08/08/1987,D’Accorso,local,derrota,1,2,Dep. Maipú (Mendoza),2° fecha del Nacional B 1987/88
17/08/1987,D’Accorso,visitante,victoria,1,0,Temperley,3° fecha del Nacional B 1987/88
22/08/1987,D’Accorso,local,victoria,2,1,Belgrano (Córdoba),4° fecha del Nacional B 1987/88
29/08/1987,D’Accorso,visitante,victoria,3,0,Italiano,5° fecha del Nacional B 1987/88
05/09/1987,D’Accorso,local,victoria,1,0,Guaraní A. Franco (Posadas),6° fecha del Nacional B 1987/88
12/09/1987,D’Accorso,visitante,victoria,2,0,Lanús,7° fecha del Nacional B 1987/88
19/09/1987,D’Accorso,local,derrota,0,1,Mandiyú (Corrientes),8° fecha del Nacional B 1987/88
27/09/1987,D’Accorso,visitante,victoria,2,1,Cipolletti (Confluencia),9° fecha del Nacional B 1987/88
03/10/1987,D’Accorso,local,victoria,2,1,Tigre,10° fecha del Nacional B 1987/88
10/10/1987,D’Accorso,visitante,derrota,0,3,Atl. Tucumán,11° fecha del Nacional B 1987/88
17/10/1987,D’Accorso,local,victoria,2,0,Gimnasia (Jujuy),12° fecha del Nacional B 1987/88
24/10/1987,D’Accorso,visitante,empate,0,0,Los Andes,13° fecha del Nacional B 1987/88
31/10/1987,D’Accorso,local,empate,0,0,Colón (Santa Fe),14° fecha del Nacional B 1987/88
07/11/1987,D’Accorso,visitante,derrota,1,2,Alte. Brown,15° fecha del Nacional B 1987/88
14/11/1987,D’Accorso,local,empate,2,2,Douglas Haig (Pergamino),16° fecha del Nacional B 1987/88
21-11-1987,Cantú,visitante,derrota,0,1,Quilmes,17° fecha del Nacional B 1987/88
28/11/1987,Viberti,visitante,empate,1,1,Chaco For Ever,18° fecha del Nacional B 1987/88
06/12/1987,Viberti,local,victoria,2,0,Defensa y Justicia,19° fecha del Nacional B 1987/88
12/12/1987,Viberti,visitante,derrota,1,2,Ferro C. Oeste (Gral. Pico),20° fecha del Nacional B 1987/88
15/12/1987,Viberti,local,empate,1,1,Chacarita Juniors,21° fecha del Nacional B 1987/88
19/12/1987,Viberti,local,victoria,2,1,Central Córdoba (Santiago),22° fecha del Nacional B 1987/88
23/01/1988,Viberti,visitante,empate,0,0,Dep. Maipú (Mendoza),23° fecha del Nacional B 1987/88
30/01/1988,Viberti,local,victoria,2,0,Temperley,24° fecha del Nacional B 1987/88
03/02/1988,Viberti,visitante,victoria,3,0,Belgrano (Córdoba),25° fecha del Nacional B 1987/88
06/02/1988,Viberti,local,empate,0,0,Italiano,26° fecha del Nacional B 1987/88
14/02/1988,Viberti,visitante,victoria,3,2,Guaraní A. Franco (Posadas),27° fecha del Nacional B 1987/88
20/02/1988,Viberti,local,victoria,4,0,Lanús,28° fecha del Nacional B 1987/88
27/02/1988,Viberti,visitante,victoria,2,0,Mandiyú (Corrientes),29° fecha del Nacional B 1987/88
05/03/1988,Viberti,local,victoria,1,0,Cipolletti (Confluencia),30° fecha del Nacional B 1987/88
14/03/1988,Viberti,visitante,derrota,1,2,Tigre,31° fecha del Nacional B 1987/88
19/03/1988,Viberti,visitante,derrota,0,1,Gimnasia (Jujuy),33° fecha del Nacional B 1987/88
28/03/1988,Viberti,local,derrota,2,4,Los Andes,34° fecha del Nacional B 1987/88
31/03/1988,Viberti,local,victoria,2,1,Atl. Tucumán,32° fecha del Nacional B 1987/88
03/04/1988,Viberti,visitante,empate,0,0,Colón (Santa Fe),35° fecha del Nacional B 1987/88
09/04/1988,Viberti,local,victoria,2,1,Alte. Brown,36° fecha del Nacional B 1987/88
16/04/1988,Viberti,visitante,empate,0,0,Douglas Haig (Pergamino),37° fecha del Nacional B 1987/88
23/04/1988,Viberti,local,empate,0,0,Quilmes,38° fecha del Nacional B 1987/88
30/04/1988,Viberti,local,derrota,0,2,Chaco For Ever,39° fecha del Nacional B 1987/88
07/05/1988,Viberti,visitante,derrota,0,1,Defensa y Justicia,40° fecha del Nacional B 1987/88
20/05/1988,Viberti,local,victoria,5,0,Ferro C. Oeste (Gral. Pico),41° fecha del Nacional B 1987/88
04/06/1988,Viberti,visitante,derrota,0,3,Chacarita Juniors,42° fecha del Nacional B 1987/88
11/06/1988,Viberti,visitante,victoria,3,0,Douglas Haig (Pergamino),1° fase del Dodecagonal NB 1988
18/06/1988,Viberti,local,empate,2,2,1° fase del Dodecagonal NB 1988
25/06/1988,Viberti,local,victoria,3,1,Belgrano (Córdoba),2° fase del Dodecagonal NB 1988
03/07/1988,Viberti,visitante,empate,1,1,Belgrano (Córdoba),2° fase del Dodecagonal NB 1988
10/07/1988,Viberti,local,victoria,1,0,Chaco For Ever,Semifinal del Dodecagonal NB 1988
17/07/1988,Viberti,visitante,derrota,0,1,Chaco For Ever,Semifinal del Dodecagonal NB 1988
15/08/1988,Viberti,visitante,derrota,0,3,Tigre,1° fecha del Nacional B 1988/89
21/08/1988,Viberti,visitante,victoria,1,0,Central Córdoba (Santiago),3° fecha del Nacional B 1988/89
27/08/1988,Viberti,local,empate,2,2,Colón (Santa Fe),2° fecha del Nacional B 1988/89
02/09/1988,Viberti,local,victoria,2,0,Chaco For Ever,4° fecha del Nacional B 1988/89
10/09/1988,Viberti,visitante,derrota,1,2,Quilmes,5° fecha del Nacional B 1988/89
17/09/1988,Viberti,local,derrota,1,4,Alte. Brown,6° fecha del Nacional B 1988/89
24/09/1988,Viberti,visitante,derrota,1,2,Talleres,7° fecha del Nacional B 1988/89
01/10/1988,Viberti,local,3,2,Los Andes,8° fecha del Nacional B 1988/89
09/10/1988,Viberti,visitante,empate,1,1,Cipolletti (Confluencia),9° fecha del Nacional B 1988/89
15/10/1988,Viberti,local,victoria,1,0,Douglas Haig (Pergamino),10° fecha del Nacional B 1988/89
22/10/1988,Viberti,visitante,victoria,3,2,Chacarita Juniors,11° fecha del Nacional B 1988/89
29/10/1988,Viberti,local,victoria,1,0,Unión (Santa Fe),12° fecha del Nacional B 1988/89
05/11/1988,Viberti,visitante,derrota,0,2,Belgrano (Córdoba),13° fecha del Nacional B 1988/89
12/11/1988,Viberti,local,victoria,3,0,Atl. Tucumán,14° fecha del Nacional B 1988/89
15/11/1988,Viberti,visitante,victoria,1,0,Defensa y Justicia,15° fecha del Nacional B 1988/89
19/11/1988,Viberti,local,empate,1,1,Temperley,16° fecha del Nacional B 1988/89
26/11/1988,Viberti,visitante,derrota,1,2,Lanús,17° fecha del Nacional B 1988/89
03/12/1988,Viberti,local,empate,1,1,Banfield,18° fecha del Nacional B 1988/89
10/12/1988,Viberti,visitante,victoria,2,0,Dep. Maipú (Mendoza),19° fecha del Nacional B 1988/89
13/12/1988,Viberti,local,victoria,2,1,Estación Quequén (Necochea),20° fecha del Nacional B 1988/89
17/12/1988,Viberti,visitante,derrota,0,1,Italiano,21° fecha del Nacional B 1988/89
27/01/1989,Babington,local,victoria,2,0,Tigre,22° fecha del Nacional B 1988/89
04/02/1989,Babington,visitante,derrota,0,1,Colón (Santa Fe),23° fecha del Nacional B 1988/89
08/02/1989,Babington,local,victoria,3,1,Central Córdoba (Santiago),24° fecha del Nacional B 1988/89
11/02/1989,Babington,visitante,derrota,0,2,Chaco For Ever,25° fecha del Nacional B 1988/89
18/02/1989,Babington,local,victoria,1,0,Quilmes,26° fecha del Nacional B 1988/89
22/02/1989,Babington,visitante,empate,1,1,Alte. Brown,27° fecha del Nacional B 1988/89
25/02/1989,Babington,local,derrota,0,1,Talleres,28° fecha del Nacional B 1988/89
04/03/1989,Babington,visitante,empate,1,1,Los Andes,29° fecha del Nacional B 1988/89
11/03/1989,Babington,local,empate,1,1,Cipolletti (Confluencia),30° fecha del Nacional B 1988/89
15/03/1989,Babington,visitante,empate,1,1,Douglas Haig (Pergamino),31° fecha del Nacional B 1988/89
18/03/1989,Babington,local,victoria,2,0,Chacarita Juniors,32° fecha del Nacional B 1988/89
26/03/1989,Babington,visitante,empate,1,1,Unión (Santa Fe),33° fecha del Nacional B 1988/89
01/04/1989,Babington,local,empate,0,0,Belgrano (Córdoba),34° fecha del Nacional B 1988/89
08/04/1989,Babington,visitante,empate,2,2,Atl. Tucumán,35° fecha del Nacional B 1988/89
15/04/1989,Babington,local,empate,1,1,Defensa y Justicia,36° fecha del Nacional B 1988/89
22/04/1989,Babington,visitante,victoria,2,1,Temperley,37° fecha del Nacional B 1988/89
28/04/1989,Babington,local,empate,0,0,Lanús,38° fecha del Nacional B 1988/89
06/05/1989,Babington,visitante,derrota,1,2,Banfield,39° fecha del Nacional B 1988/89
16/05/1989,Babington,local,victoria,3,0,Dep. Maipú (Mendoza),40° fecha del Nacional B 1988/89
20/05/1989,Babington,visitante,victoria,4,1,Estación Quequén (Necochea),41° fecha del Nacional B 1988/89
27/05/1989,Babington,local,victoria,4,0,Italiano,42° fecha del Nacional B 1988/89
10/06/1989,Babington,visitante,victoria,5,3,Atl. Rafaela,1° fase del Dodecagonal NB 1989
17/06/1989,Babington,local,victoria,2,1,Atl. Rafaela,1° fase del Dodecagonal NB 1989
24/06/1989,Babington,local,derrota,0,1,Colón (Santa Fe),2° fase del Dodecagonal NB 1989
01/07/1989,Babington,visitante,derrota,1,2,Colón (Santa Fe),2° fase del Dodecagonal NB 1989
12/08/1989,Babington,local,empate,1,1,Villa Dálmine (Campana),1° fecha del Nacional B 1989/90
19/08/1989,Babington,visitante,empate,0,0,Central Córdoba (Santiago),2° fecha del Nacional B 1989/90
26/08/1989,Babington,local,victoria,4,1,Defensa y Justicia,3° fecha del Nacional B 1989/90
02/09/1989,Babington,visitante,empate,0,0,Olimpo (Bahía Blanca),4° fecha del Nacional B 1989/90
09/09/1989,Babington,local,victoria,3,0,Atl. Tucumán,5° fecha del Nacional B 1989/90
16/09/1989,Babington,visitante,empate,0,0,Lanús,6° fecha del Nacional B 1989/90
23/09/1989,Babington,local,empate,0,0,Douglas Haig (Pergamino),7° fecha del Nacional B 1989/90
30/09/1989,Babington,local,victoria,2,1,Cipolletti (Confluencia),8° fecha del Nacional B 1989/90
07/10/1989,Babington,visitante,empate,0,0,Armenio,9° fecha del Nacional B 1989/90
14/10/1989,Babington,local,victoria,2,1,Banfield,10° fecha del Nacional B 1989/90
22/10/1989,Babington,visitante,victoria,1,0,Colón (Santa Fe),11° fecha del Nacional B 1989/90
28/10/1989,Babington,local,empate,1,1,Italiano,12° fecha del Nacional B 1989/90
04/11/1989,Babington,visitante,derrota,0,1,Belgrano (Córdoba),13° fecha del Nacional B 1989/90
11/11/1989,Babington,local,victoria,4,2,Quilmes,14° fecha del Nacional B 1989/90
15/11/1989,Babington,visitante,empate,1,1,San Martín (Tucumán),15° fecha del Nacional B 1989/90
18/11/1989,Babington,local,victoria,3,0,Talleres,16° fecha del Nacional B 1989/90
25/11/1989,Babington,visitante,victoria,2,1,Dep. Maipu (Mendoza),17° fecha del Nacional B 1989/90
02/12/1989,Babington,local,victoria,5,1,Alte. Brown,18° fecha del Nacional B 1989/90
06/12/1989,Babington,visitante,derrota,1,2,Tigre,19° fecha del Nacional B 1989/90
09/12/1989,Babington,local,victoria,3,1,Los Andes,20° fecha del Nacional B 1989/90
16/12/1989,Babington,visitante,derrota,0,1,Atl. Rafaela,21° fecha del Nacional B 1989/90
20/01/1990,Babington,vissitante,victoria,3,0,Villa Dálmine (Campana),22° fecha del Nacional B 1989/90
27/01/1990,Babington,local,victoria,3,1,Central Cordoba (Santiago),23° fecha del Nacional B 1989/90
03/02/1990,Babington,visitante,victoria,3,2,Defensa y Justicia,24° fecha del Nacional B 1989/90
07/02/1990,Babington,local,empate,0,0,Olimpo (Bahía Blanca),25° fecha del Nacional B 1989/90
11/02/1990,Babington,visitante,derrota,1,3,Atl. Tucumán,26° fecha del Nacional B 1989/90
18/02/1990,Babington,local,victoria,4,0,Lanús,27° fecha del Nacional B 1989/90
23/02/1990,Babington,visitante,empate,1,1,Douglas Haig (Pergamino),28° fecha del Nacional B 1989/90
02/03/1990,Babington,visitante,victoria,2,1,Cipolletti (Confluencia),29° fecha del Nacional B 1989/90
07/03/1990,Babington,local,victoria,2,0,Armenio,30° fecha del Nacional B 1989/90
10/03/1990,Babington,visitante,derrota,0,1,Banfield,31° fecha del Nacional B 1989/90
17/03/1990,Babington,local,victoria,3,1,Colón (Santa Fe),32° fecha del Nacional B 1989/90
24/03/1990,Babington,visitante,victoria,3,1,Italiano,33° fecha del Nacional B 1989/90
31/03/1990,Babington,local,empate,0,0,Belgrano (Córdoba),34° fecha del Nacional B 1989/90
07/04/1990,Babington,visitante,victoria,1,0,Quilmes,35° fecha del Nacional B 1989/90
14/04/1990,Babington,local,empate,1,1,San Martín (Tucumán),36° fecha del Nacional B 1989/90
21/04/1990,Babington,visitante,victoria,2,0,Talleres,37° fecha del Nacional B 1989/90
28/04/1990,Babington,local,victoria,1,0,Dep. Maipú (Mendoza),38° fecha del Nacional B 1989/90
05/05/1990,Babington,visitante,victoria,4,1,Alte. Brown,39° fecha del Nacional B 1989/90
12/05/1990,Babington,local,victoria,2,0,Tigre,40° fecha del Nacional B 1989/90
19/05/1990,Babington,visitante,victoria,1,0,Los Andes,41° fecha del Nacional B 1989/90,Eduardo Gallardón,-,"Puentedura; Ramón Brítez, Héctor Cúper, Ariel Wiktor y Szulz; Carlos Amodeo, Fernando Quiroz, Herrero y Delgado; Sergio Saturno y Antonio Mohamed.","Salvaggio; Maslauskas (70 Villacorta), Torres, Álvarez y Meza; Fernández, Moreno, Migoni (59 López) e Ibáñez; Galeano y Román.",foto,50 GOL Antonio Mohamed (HUR)</br>86 Suspendido por invasión al campo,45,86
26/05/1990,Babington,local,victoria,3,1,Atl. Rafaela,42° fecha del Nacional B 1989/90
19/08/1990,Babington,visitante,empate,2,2,Mandiyú (Corrientes),1° fecha Apertura del Campeonato 1990/91
26/08/1990,Babington,local,derrota,0,2,Boca Juniors,2° fecha Apertura del Campeonato 1990/91
02/09/1990,Babington,visitante,Victoria,2,1,Newell’s Old Boys (Rosario),3° fecha Apertura del Campeonato 1990/91
09/09/1990,Babington,local,empate,0,0,San Lorenzo de Almagro,4° fecha Apertura del Campeonato 1990/91
16/09/1990,Babington,visitante,empate,0,0,Platense,5° fecha Apertura del Campeonato 1990/91
23/09/1990,Babington,local,derrota,1,3,Argentinos Juniors,6° fecha Apertura del Campeonato 1990/91
30/09/1990,Babington,visitante,empate,1,1,Estudiantes (La Plata),7° fecha Apertura del Campeonato 1990/91
07/10/1990,Babington,visitante,victoria,3,1,Unión (Santa Fe),8° fecha Apertura del Campeonato 1990/91
14/10/1990,Babington,local,derrota,0,1,Independiente,9° fecha Apertura del Campeonato 1990/91
21/10/1990,Babington,visitante,empate,2,2,Chaco For Ever,10° fecha Apertura del Campeonato 1990/91
28/10/1990,Babington,local,derrota,0,1,River Plate,11° fecha Apertura del Campeonato 1990/91
04/11/1990,Babington,visitante,derrota,0,2,Rosario Central,12° fecha Apertura del Campeonato 1990/91
11/11/1990,Babington,local,empate,1,1,Gimnasia (La Plata),13° fecha Apertura del Campeonato 1990/91
18/11/1990,Babington,visitante,victoria,2,0,Ferro C. Oeste,14° fecha Apertura del Campeonato 1990/91
25/11/1990,Babington,local,derrota,1,2,Vélez Sarsfield,15° fecha Apertura del Campeonato 1990/91
30/11/1990,Babington,visitante,empate,1,1,Español,16° fecha Apertura del Campeonato 1990/91
07/12/1990,Babington,local,empate,0,0,Lanús,17° fecha Apertura del Campeonato 1990/91
14/12/1990,Babington,visitante,victoria,2,1,Talleres (Córdoba),18° fecha Apertura del Campeonato 1990/91
23/12/1990,Babington,local,empate,0,0,Racing Club,19° fecha Apertura del Campeonato 1990/91
08/02/1991,Babington,neutral,victoria,3,1,San Lorenzo de Almagro,1° fecha de Copa Amistad 1991 (amistoso)
10/02/1991,Babington,visitante,derrota,0,1,Vélez Sarsfield,1° fecha de Copa Amistad 1991 (amistoso)
24/02/1991,Babington,local,derrota,0,2,Mandiyú (Corrientes),1° fecha Clausura del Campeonato 1990/91
03/03/1991,Babington,visitante,derrota,0,2,Boca Juniors,2° fecha Clausura del Campeonato 1990/91
10/03/1991,Babington,local,empate,1,1,Newell’s Old Boys (Rosario),3° fecha Clausura del Campeonato 1990/91
17/03/1991,Babington,visitante,victoria,1,0,San Lorenzo de Almagro,4° fecha Clausura del Campeonato 1990/91
24/03/1991,Babington,local,victoria,1,0,Platense,5° fecha Clausura del Campeonato 1990/91
31/03/1991,Babington,visitante,empate,0,0,Argentinos Juniors,6° fecha Clausura del Campeonato 1990/91
07/04/1991,Babington,local,empate,0,0,Estudiantes (La Plata),7° fecha Clausura del Campeonato 1990/91
14/04/1991,Babington,local,empate,1,1,Unión (Santa Fe),8° fecha Clausura del Campeonato 1990/91
21/04/1991,Babington,visitante,derrota,0,1,Independiente,9° fecha Clausura del Campeonato 1990/91
28/04/1991,Babington,local,victoria,4,3,Chaco For Ever,10° fecha Clausura del Campeonato 1990/91
05/05/1991,Babington,visitante,empate,0,0,River Plate,11° fecha Clausura del Campeonato 1990/91
11/05/1991,Babington,local,victoria,3,0,Rosario Central,12° fecha Clausura del Campeonato 1990/91
19/05/1991,Babington,visitante,derrota,0,1,Gimnasia (La Plata),13° fecha Clausura del Campeonato 1990/91
02/06/1991,Babington,local,victoria,1,0,Ferro C. Oeste,14° fecha Clausura del Campeonato 1990/91
09/06/1991,Babington,local,derrota,0,4,Español,16° fecha Clausura del Campeonato 1990/91
12/06/1991,Babington,visitante,empate,1,1,Vélez Sarsfield,15° fecha Clausura del Campeonato 1990/91
16/06/1991,Babington,empate,0,0,Lanús,17° fecha Apertura del Campeonato 1990/91 
23/06/1991,Babington,visitante,victoria,1,0,Talleres (Córdoba),18° fecha Apertura del Campeonato 1990/91
30/06/1991,Babington,local,victoria,2,0,Racing,19° fecha Apertura del Campeonato 1990/91
24/07/1994,Cúper,empate,1,1,Platense,14° fecha del Campeonato Clausura 1994
31/07/1994,Cúper,visitante,victoria,3,2,Mandiyú (Corrientes),15° fecha del Campeonato Clausura 1994
07/08/1994,Cúper,local,victoria,1,0,Rosario Central,16° fecha del Campeonato Clausura 1994
14/08/1994,Cúper,visitante,empate,2,2,Argentinos Juniors,17° fecha del Campeonato Clausura 1994
21/08/1994,Cúper,local,victoria,2,0,Banfield,18° fecha del Campeonato Clausura 1994
28/08/1994,Cúper,visitante,derrota,0,4,Independiente,19° fecha del Campeonato Clausura 1994
04/09/1994,Cúper,local,victoria,3,1,Mandiyú (Corrientes),1° fecha del Campeonato Apertura 1994
11/09/1994,Cúper,visitante,victoria,1,0,Español,2° fecha del Campeonato Apertura 1994
18/09/1994,Cúper,local,victoria,3,0,Platense,3° fecha del Campeonato Apertura 1994
25/09/1994,Cúper,visitante,derrota,0,1,Racing,4° fecha del Campeonato Apertura 1994
01/10/1994,Cúper,visitante,empate,2,2,Talleres (Córdoba),5° fecha del Campeonato Apertura 1994
08/10/1994,Cúper,local,victoria,3,1,Boca Juniors,6° fecha del Campeonato Apertura 1994
14/10/1994,Cúper,visitante,derrota,1,4,Vélez Sarsfield,7° fecha del Campeonato Apertura 1994
23/10/1994,Cúper,local,derrota,0,1,Lanús,8° fecha del Campeonato Apertura 1994
29/10/1994,Cúper,visitante,empate,0,0,Rosario Central,9° fecha del Campeonato Apertura 1994
02/11/1994,Cúper,local,derrota,1,4,Cerro Corá (Paraguay),1° fase de Copa Conmebol
06/11/1994,Cúper,visitante,derrota,1,4,Argentinos Juniors,11° fecha del Campeonato Apertura 1994
09/11/1994,Cúper,visitante,victoria,2,1,Cerro Corá (Paraguay),8° de final de Copa Conmebol
13/11/1994,Cúper,local,victoria,1,0,Ferro C. Oeste,12° fecha del Campeonato Apertura 1994
20/11/1994,Cúper,visitante,derrota,1,2,Independiente,13° fecha del Campeonato Apertura 1994
26/11/1994,Cúper,local,derrota,1,2,San Lorenzo de Almagro,14° fecha del Campeonato Apertura 1994
29/11/1994,Cúper,visitante,empate,1,1,Belgrano (Córdoba),15° fecha del Campeonato Apertura 1994
03/12/1994,Cúper,local,derrota,0,2,River Plate,16° fecha del Campeonato Apertura 1994
06/12/1994,Cúper,visitante,derrota,0,1,Gimnasia (Jujuy),17° fecha del Campeonato Apertura 1994
11/12/1994,Cúper,local,victoria,3,1,Banfield,18° fecha del Campeonato Apertura 1994
13/12/1994,Cúper,local,empate,1,1,Gimnasia (La Plata) ,10° fecha del Campeonato Apertura 1994
18/12/1994,Cúper,visitante,derrota,0,1,Newell’s Old Boys (Rosario),19° fecha del Campeonato Apertura 1994
25/02/1995,Cúper,visitante,empate,0,0,Mandiyú (Corrientes),1° fecha del Campeonato Clausura 1995
05/03/1995,Cúper,local,empate,1,1,Español,2° fecha del Campeonato Clausura 1995
11/03/1995,Cúper,visitante,empate,0,0,Platense,3° fecha del Campeonato Clausura 1995
19/03/1995,Cúper,local,empate,2,2,Racing Club,4° fecha del Campeonato Clausura 1995
26/03/1995,Cúper,local,empate,1,1,Talleres (Córdoba),5° fecha del Campeonato Clausura 1995
31/03/1995,Cúper,visitante,derrota,1,2,Boca Juniors,6° fecha del Campeonato Clausura 1995
16/04/1995,Cúper,local,victoria,1,0,Lanús,7° fecha del Campeonato Clausura 1995
18/04/1995,Cúper,visitante,derrota,0,2,Vélez Sarsfield,8° fecha del Campeonato Clausura 1995
23/04/1995,Cúper,local,derrota,2,5,Rosario Central,9° fecha del Campeonato Clausura 1995
29/04/1995,Morresi,visitante,derrota,1,2,Gimnasia (La Plata),10° fecha del Campeonato Clausura 1995
06/05/1995,Morresi,local,empate,2,2,Argentinos Juniors,11° fecha del Campeonato Clausura 1995
09/05/1995,Morresi,visitante,victoria,2,1,Ferro C. Oeste,12° fecha del Campeonato Clausura 1995
17/05/1995,Morresi,local,derrota,1,3,Independiente,13° fecha del Campeonato Clausura 1995
21/05/1995,Morresi,visitante,derrota,0,3,San Lorenzo de Almagro,14° fecha del Campeonato Clausura 1995
28/05/1995,Morresi,local,derrota,0,2,Belgrano (Córdoba),15° fecha del Campeonato Clausura 1995
04/06/1995,Morresi,visitante,derrota,1,3,River Plate,16° fecha del Campeonato Clausura 1995
11/06/1995,Morresi,local,victoria,2,1,Gimnasia (Jujuy),17° fecha del Campeonato Clausura 1995
19/06/1995,Morresi,visitante,derrota,1,3,Banfield,18° fecha del Campeonato Clausura 1995
25/06/1995,Morresi,local,empate,2,2,Newell’s Old Boys (Rosario),19° fecha del Campeonato Clausura 1995
06/08/1995,Habbeger,local,empate,2,2,Newell’s Old Boys (Rosario),1° fecha del Campeonato Apertura 1995
13/08/1995,Habbeger,visitante,derrota,1,2,Boca Juniors,2° fecha del Campeonato Apertura 1995
20/08/1995,Habbeger,local,empate,1,1,Gimnasia (La Plata),3° fecha del Campeonato Apertura 1995
26/08/1995,Habbeger,visitante,derrota,0,3,Colón (Santa Fe),4° fecha del Campeonato Apertura 1995
03/09/1995,Chabay,local,derrota,0,1,Argentinos Juniors,5° fecha del Campeonato Apertura 1995
10/09/1995,Chabay,visitante,derrota,0,5,San Lorenzo de Almagro,6° fecha del Campeonato Apertura 1995
24/09/1995,Chabay,local,victoria,2,1,Belgrano (Córdoba),7° fecha del Campeonato Apertura 1995
30/09/1995,Chabay,visitante,victoria,2,1,Vélez Sarsfield,8° fecha del Campeonato Apertura 1995
09/10/1995,Chabay,local,victoria,2,0,Banfield,9° fecha del Campeonato Apertura 1995
16/10/1995,Chabay,visitante,empate,0,0,Rosario Central,10° fecha del Campeonato Apertura 1995
22/10/1995,Chabay,local,victoria,2,0,River Plate,11° fecha del Campeonato Apertura 1995
29/10/1995,Chabay,visitante,empate,1,1,Racing Club,12° fecha del Campeonato Apertura 1995
05/11/1995,Chabay,local,empate,2,2,Estudiantes (La Plata),13° fecha del Campeonato Apertura 1995
12/11/1995,Chabay,visitante,victoria,4,0,Español,14° fecha del Campeonato Apertura 1995
20/11/1995,Chabay,local,victoria,2,1,Gimnasia (Jujuy),15° fecha del Campeonato Apertura 1995
26/11/1995,Chabay,local,victoria,1,0,Independiente,16° fecha del Campeonato Apertura 1995
03/12/1995,Chabay,visitante,victoria,2,1,Platense,17° fecha del Campeonato Apertura 1995
11/12/1995,Chabay,local,victoria,1,0,Ferro C. Oeste,18° fecha del Campeonato Apertura 1995
17/12/1995,Chabay,visitante,derrota,0,1,Lanús,19° fecha del Campeonato Apertura 1995
00/02/1996,Chabay,local,derrota,2,4,Ilhwa Chunma (Corea del Sur),Copa Amistad (amistoso)	
09/03/1996,Chabay,visitante,empate,1,1,Newell's Old Boys,1° fecha del Campeonato Clausura 1996
17/03/1996,Chabay,local,empate,1,1,Boca Juniors,2° fecha del Campeonato Clausura 1996
23/03/1996,Chabay,visitante,derrota,0,2,Gimnasia (La Plata),3° fecha del Campeonato Clausura 1996
31/03/1996,Chabay,local,victoria,3,2,Colón (Santa Fe),4° fecha del Campeonato Clausura 1996
08/04/1996,Chabay,visitante,victoria,3,0,Argentinos Juniors,5° fecha del Campeonato Clausura 1996
14/04/1996,Chabay,local,empate,1,1,San Lorenzo de Almagro,6° fecha del Campeonato Clausura 1996
27/04/1996,Chabay,visitante,victoria,1,0,Belgrano (Córdoba),7° fecha del Campeonato Clausura 1996
05/05/1996,Chabay,local,empate,2,2,Vélez Sarsfield,8° fecha del Campeonato Clausura 1996
12/05/1996,Chabay,visitante,empate,0,0,Banfield,9° fecha del Campeonato Clausura 1996
19/05/1996,Chabay,local,empate,1,1,Rosario Central,10° fecha del Campeonato Clausura 1996
26/05/1996,Chabay,visitante,derrota,0,4,River Plate,11° fecha del Campeonato Clausura 1996
09/06/1996,Chabay,local,empate,2,2,Racing Club,12° fecha del Campeonato Clausura 1996
15/06/1996,Chabay,visitante,derrota,2,5,Estudiantes (La Plata),13° fecha del Campeonato Clausura 1996
23/06/1996,Chabay,local,victoria,2,0,Español,14° fecha del Campeonato Clausura 1996
30/06/1996,Chabay,visitante,victoria,4,2,Gimnasia (Jujuy),15° fecha del Campeonato Clausura 1996
14/07/1996,Chabay,visitante,victoria,4,1,Independiente,16° fecha del Campeonato Clausura 1996
06/07/1996,Chabay,local,empate,2,2,Platense,17° fecha del Campeonato Clausura 1996
11/07/1996,Chabay,visitante,derrota,1,2,Ferro C. Oeste,18° fecha del Campeonato Clausura 1996
18/07/1996,Chabay,local,victoria,2,1,Lanús,19° fecha del Campeonato Clausura 1996
23/08/1996,Chabay,visitante,empate,0,0,Lanús,1° fecha del Campeonato Apertura 1997
03/09/1996,Chabay,local,empate,1,1,San Lorenzo de Almagro,2° fecha del Campeonato Apertura 1997
07/09/1996,Chabay,visitante,empate,1,1,Huracán (Corrientes),3° fecha del Campeonato Apertura 1997
15/09/1996,Chabay,local,derrota,2,3,River Plate,4° fecha del Campeonato Apertura 1997
22/09/1996,Chabay,visitante,derrota,2,4,Ferro C. Oeste,5° fecha del Campeonato Apertura 1997
29/09/1996,Chabay,local,empate,1,1,Newell’s Old Boys (Rosario),6° fecha del Campeonato Apertura 1997
13/10/1996,Chabay,visitante,1,2,Vélez Sarsfield,7° fecha del Campeonato Apertura 1997
18/10/1996,Chabay,local,empate,1,1,Independiente,8° fecha del Campeonato Apertura 1997
26/10/1996,Chabay,visitante,derrota,0,1,Gimnasia (La Plata),9° fecha del Campeonato Apertura 1997
03/11/1996,Chabay,local,victoria,3,0,Unión (Santa Fe),10° fecha del Campeonato Apertura 1997
07/11/1996,Chabay,visitante,victoria,2,1,Banfield,11° fecha del Campeonato Apertura 1997
10/11/1996,Chabay,visitante,derrota,1,6,Racing Club,12° fecha del Campeonato Apertura 1997
17/11/1996,Chabay,local,victoria,1,0,Español,13° fecha del Campeonato Apertura 1997
24/11/1996,Chabay,visitante,derrota,0,6,Boca Juniors,14° fecha del Campeonato Apertura 1997
26/11/1996,Crosta,local,empate,1,1,Platense,15° fecha del Campeonato Apertura 1997
01/12/1996,Crosta,visitante,empate,1,1,Rosario Central,16° fecha del Campeonato Apertura 1997
08/12/1996,Brandoni,local,derrota,2,3,Gimnasia (Jujuy),17° fecha del Campeonato Apertura 1997
18/12/1996,Brandoni,visitante,derrota,1,3,Estudiantes (La Plata),18° fecha del Campeonato Apertura 1997
23/12/1996,Brandoni,local,derrota,0,1,Colón (Santa Fe),19° fecha del Campeonato Apertura 1997
23/02/1997,Brandoni,local,empate,0,0,Lanús,1° fecha del Campeonato Clausura 1997
02/03/1997,Brandoni,visitante,derrota,1,5,San Lorenzo de Almagro,2° fecha del Campeonato Clausura 1997
04/03/1997,Brandoni,local,empate,1,1,Huracán (Corrientes),3° fecha del Campeonato Clausura 1997
09/03/1997,Crosta,visitante,derrota,0,3,River Plate,4° fecha del Campeonato Clausura 1997
16/03/1997,Crosta,local,derrota,3,4,Ferro C. Oeste,5° fecha del Campeonato Clausura 1997
23/03/1997,Babington,visitante,derrota,0,2,Newell’s Old Boys,6° fecha del Campeonato Clausura 1997
06/04/1997,Babington,local,Victoria,3,1,Vélez Sarsfield,7° fecha del Campeonato Clausura 1997
13/04/1997,Babington,visitante,derrota,0,2,Independiente,8° fecha del Campeonato Clausura 1997
20/04/1997,Babington,local,empate,1,1,Gimnasia (La Plata),9° fecha del Campeonato Clausura 1997
03/05/1997,Babington,visitante,derrota,0,5,Unión (Santa Fe),10° fecha del Campeonato Clausura 1997
11/05/1997,Babington,local,victoria,1,0,Banfield,11° fecha del Campeonato Clausura 1997
13/05/1997,Babington,local,empate,2,2,Racing Club,12° fecha del Campeonato Clausura 1997
17/05/1997,Babington,visitante,empate,0,0,Español,13° fecha del Campeonato Clausura 1997
26/05/1997,Babington,local,empate,1,1,Boca Juniors,14° fecha del Campeonato Clausura 1997
01/06/1997,Babington,visitante,victoria,3,1,Platense,15° fecha del Campeonato Clausura 1997
13/07/1997,Babington,local,victoria,2,1,Rosario Central,16° fecha del Campeonato Clausura 1997
06/08/1997,Babington,visitante,empate,1,1,Gimnasia (Jujuy),17° fecha del Campeonato Clausura 1997
09/08/1997,Babington,local,victoria,1,0,Estudiantes (La Plata),18° fecha del Campeonato Clausura 1997
12/08/1997,Babington,visitante,derrota,2,3,Colón (Santa Fe),19° fecha del Campeonato Clausura 1997
22/08/1997,Babington,local,derrota,0,2,Estudiantes (La Plata),1° fecha del Campeonato Apertura 1997
29/08/1997,Babington,visitante,derrota,2,3,Independiente,2° fecha del Campeonato Apertura 1997
13/09/1997,Crosta,local,empate,0,0,Gimnasia (Jujuy),3° fecha del Campeonato Apertura 1997
17/09/1997,Crosta,visitante,derrota,1,2,Colón (Santa Fe),4° fecha del Campeonato Apertura 1997
21/09/1997,Crosta,local,derrota,0,3,River Plate,5° fecha del Campeonato Apertura 1997
28/09/1997,Ferraro,visitante,derrota,0,1,Lanús,6° fecha del Campeonato Apertura 1997
02/10/1997,Ferraro,local,derrota,0,1,Rosario Central,7° fecha del Campeonato Apertura 1997
05/10/1997,Ferraro,visitante,derrota,1,2,Ferro C. Oeste,8° fecha del Campeonato Apertura 1997
19/10/1997,Ferraro,local,empate,4,4,Español,9° fecha del Campeonato Apertura 1997
27/10/1997,Ferraro,local,victoria,2,1,Argentinos Juniors,10° fecha del Campeonato Apertura 1997
31/10/1997,Ferraro,visitante,derrota,0,3,Gimnasia (La Plata),11° fecha del Campeonato Apertura 1997
09/11/1997,Ferraro,local,victoria,2,0,Racing Club,12° fecha del Campeonato Apertura 1997
18/11/1997,Ferraro,visitante,victoria,4,2,Gimnasia y Tiro (Salta),13° fecha del Campeonato Apertura 1997
23/11/1997,Ferraro,local,derrota,1,2,Unión (Santa Fe),14° fecha del Campeonato Apertura 1997
30/11/1997,Ferraro,visitante,derrota,1,2,Boca Juniors,15° fecha del Campeonato Apertura 1997
07/12/1997,Ferraro,local,derrota,0,1,Platense,16° fecha del Campeonato Apertura 1997
10/12/1997,Ferraro,visitante,derrota,1,2,Newell's Old Boys (Rosario),17° fecha del Campeonato Apertura 1997
14/12/1997,Ferraro,local,empate,1,1,Vélez Sarsfield,18° fecha del Campeonato Apertura 1997
21/12/1997,Ferraro,visitante,derrota,0,0,San Lorenzo de Almagro,19° fecha del Campeonato Apertura 1997
18/02/1998,Larrosa,visitante,empate,1,1,Estudiantes (La Plata),1° fecha del Campeonato Clausura 1998
21/02/1998,Larrosa,local,derrota,0,1,Independiente,2° fecha del Campeonato Clausura 1998
25/02/1998,Larrosa,visitante,derrota,0,2,Gimnasia (Jujuy),3° fecha del Campeonato Clausura 1998
28/02/1998,Larrosa,local,empate,1,1,Colón (Santa Fe),4° fecha del Campeonato Clausura 1998
08/03/1998,Larrosa,visitante,derrota,0,5,River Plate,5° fecha del Campeonato Clausura 1998
15/03/1998,Larrosa,local,derrota,0,2,Lanús,6° fecha del Campeonato Clausura 1998
21/03/1998,Larrosa,visitante,derrota,1,2,Rosario Central,7° fecha del Campeonato Clausura 1998
29/03/1998,Larrosa,local,victoria,3,1,Ferro C. Oeste,8° fecha del Campeonato Clausura 1998
04/04/1998,Larrosa,visitante,empate,3,3,Español,9° fecha del Campeonato Clausura 1998
11/04/1998,Larrosa,visitante,derrota,0,3,Argentinos Juniors,10° fecha del Campeonato Clausura 1998
16/04/1998,Larrosa,local,derrota,0,1,Gimnasia (La Plata),11° fecha del Campeonato Clausura 1998
19/04/1998,Larrosa,visitante,empate,0,0,Racing Club,12° fecha del Campeonato Clausura 1998
26/04/1998,Larrosa,local,victoria,2,0,Gimnasia y Tiro (Salta),13° fecha del Campeonato Clausura 1998
02/05/1998,Larrosa,visitante,empate,1,1,Unión (Santa Fe),14° fecha del Campeonato Clausura 1998
05/05/1998,Larrosa,local,derrota,2,4,Boca Juniors,15° fecha del Campeonato Clausura 1998
10/05/1998,Larrosa,visitante,derrota,1,4,Platense,16° fecha del Campeonato Clausura 1998
28/05/1998,Larrosa,local,empate,1,1,Newell’s Old Boys (Rosario),17° fecha del Campeonato Clausura 1998
01/05/1998,Larrosa,visitante,derrota,0,1,Vélez Sarsfield,18° fecha del Campeonato Clausura 1998
07/06/1998,Larrosa,local,victoria,2,1,San Lorenzo de Almagro,19° fecha del Campeonato Clausura 1998
09/08/1998,López-Cavallero,visitante,derrota,1,3,Lanús,1° fecha del Campeonato Apertura 1998
16/08/1998,López-Cavallero,local,empate,1,1,Unión (Santa Fe),2° fecha del Campeonato Apertura 1998
21/08/1998,López-Cavallero,visitante,victoria,3,1,Ferro C. Oeste,3° fecha del Campeonato Apertura 1998
30/08/1998,López-Cavallero,local,victoria,3,2,Gimnasia (Jujuy),4° fecha del Campeonato Apertura 1998
06/09/1998,López-Cavallero,visitante,derrota,2,6,Boca Juniors,5° fecha del Campeonato Apertura 1998
13/09/1998,López-Cavallero,local,derrota,1,2,Gimnasia (La Plata),6° fecha del Campeonato Apertura 1998
18/09/1998,López-Cavallero,local,derrota,1,3,Argentinos Juniors,7° fecha del Campeonato Apertura 1998
27/09/1998,López-Cavallero,visitante,empate,1,1,Belgrano (Córdoba),8° fecha del Campeonato Apertura 1998
04/10/1998,López-Cavallero,local,victoria,3,2,Newell’s Old Boys (Rosario),9° fecha del Campeonato Apertura 1998
11/10/1998,López-Cavallero,visitante,derrota,1,2,Racing Club,10° fecha del Campeonato Apertura 1998
15/10/1998,López-Cavallero,local,victoria,2,1,Platense,11° fecha del Campeonato Apertura 1998
24/10/1998,López-Cavallero,visitante,derrota,0,2,Colón (Santa Fe),12° fecha del Campeonato Apertura 1998
01/11/1998,López-Cavallero,local,empate,1,1,Vélez Sarsfield,13° fecha del Campeonato Apertura 1998
08/11/1998,López-Cavallero,visitante,victoria,4,3,River Plate,14° fecha del Campeonato Apertura 1998
15/11/1998,López-Cavallero,local,empate,2,2,Estudiantes (La Plata),15° fecha del Campeonato Apertura 1998
22/11/1998,López-Cavallero,visitante,derrota,0,2,San Lorenzo de Almagro,16° fecha del Campeonato Apertura 1998
29/11/1998,López-Cavallero,local,derrota,2,5,Talleres (Córdoba),17° fecha del Campeonato Apertura 1998
05/12/1998,López-Cavallero,visitante,derrota,0,2,Rosario Central,18° fecha del Campeonato Apertura 1998,1° fecha del Campeonato Apertura 1998
11/12/1998,López-Cavallero,local,empate,1,1,Independiente,19° fecha del Campeonato Apertura 1998
07/03/1999,Babington,local,derrota,0,2,Lanús,1° fecha del Campeonato Clausura 1999
14/03/1999,Babington,visitante,empate,2,2,Unión (Santa Fe),2° fecha del Campeonato Clausura 1999
20/03/1999,Babington,local,victoria,1,0,Ferro C. Oeste,3° fecha del Campeonato Clausura 1999
28/03/1999,Babington,visitante,empate,2,2,Gimnasia (Jujuy),4° fecha del Campeonato Clausura 1999
01/04/1999,Babington,local,derrota,0,1,Boca Juniors,5° fecha del Campeonato Clausura 1999
04/04/1999,Babington,visitante,derrota,0,1,Gimnasia (La Plata),6° fecha del Campeonato Clausura 1999
10/04/1999,Babington,visitante,victoria,2,1,Argentinos Juniors,7° fecha del Campeonato Clausura 1999
18/04/1999,Babington,local,derrota,0,3,Belgrano (Córdoba),8° fecha del Campeonato Clausura 1999
24/04/1999,Babington,visitante,derrota,0,4,Newell’s Old Boys (Rosario),9° fecha del Campeonato Clausura 1999
29/04/1999,Babington,local,derrota,1,2,Racing Club,10° fecha del Campeonato Clausura 1999
02/05/1999,Babington,visitante,derrota,1,2,Platense,11° fecha del Campeonato Clausura 1999
09/05/1999,Babington,local,derrota,0,3,Colón (Santa Fe),12° fecha del Campeonato Clausura 1999
14/05/1999,Babington,visitante,empate,1,1,Vélez Sarsfield,13° fecha del Campeonato Clausura 1999
22/05/1999,Babington,local,derrota,0,1,River Plate,14° fecha del Campeonato Clausura 1999
30/05/1999,Babington,visitante,empate,1,1,Estudiantes (La Plata),15° fecha del Campeonato Clausura 1999
01/06/1999,Babington,local,empate,1,1,San Lorenzo de Almagro,16° fecha del Campeonato Clausura 1999
05/06/1999,Babington,visitante,empate,2,2,Talleres (Córdoba),17° fecha del Campeonato Clausura 1999
13/06/1999,Babington,local,derrota,0,2,Rosario Central,18° fecha del Campeonato Clausura 1999
20/06/1999,Babington,visitante,derrota,1,4,Independiente,19° fecha del Campeonato Clausura 1999
14/08/1999,Babington,visitante,derrota,0,1,Español,1° fecha del Nacional B 1999/2000
21/08/1999,Babington,local,empate,2,2,San Miguel,2° fecha del Nacional B 1999/2000
29/08/1999,Babington,visitante,victoria,3,0,Temperley,3° fecha del Nacional B 1999/2000
06/09/1999,Babington,local,Victoria,4,1,Arsenal,4° fecha del Nacional B 1999/2000
11/09/1999,Babington,visitante,victoria,2,1,Nueva Chicago,5° fecha del Nacional B 1999/2000
19/09/1999,Babington,local,Victoria,1,0,Central Córdoba (Rosario) ,6° fecha del Nacional B 1999/2000
25/09/1999,Babington,visitante,victoria,3,2,Defensa y Justicia,7° fecha del Nacional B 1999/2000
02/10/1999,Babington,local,empate,0,0,Dep. Morón,8° fecha del Nacional B 1999/2000
10/10/1999,Babington,visitante,victoria,2,1,Tigre,9° fecha del Nacional B 1999/2000
16/10/1999,Babington,visitante,empate,2,2,Los Andes,10° fecha del Nacional B 1999/2000
30/10/1999,Babington,local,Victoria,2,1,Banfield,11° fecha del Nacional B 1999/2000
06/11/1999,Babington,visitante,victoria,1,0,El Porvenir,12° fecha del Nacional B 1999/2000
13/11/1999,Babington,local,derrota,1,3,Platense,13° fecha del Nacional B 1999/2000
20/11/1999,Babington,visitante,victoria,4,2,All Boys,14° fecha del Nacional B 1999/2000
27/11/1999,Babington,local,empate,1,1,Argentino (Rosario) ,15° fecha del Nacional B 1999/2000
05/12/1999,Babington,visitante,empate,0,0,Quilmes,16° fecha del Nacional B 1999/2000
12/12/1999,Babington,local,empate,3,3,Almagro,17° fecha del Nacional B 1999/2000
18/12/1999,Babington,local,victoria,5,0,Español,18° fecha del Nacional B 1999/2000



